"Step","rl.grpo_llama.3b_mmwebpro.synqa.91_math.8k_0411_2017 - val_response_length/test_length_correct/MATH500","rl.grpo_llama.3b_mmwebpro.synqa.91_math.8k_0411_2017 - val_response_length/test_length_correct/MATH500__MIN","rl.grpo_llama.3b_mmwebpro.synqa.91_math.8k_0411_2017 - val_response_length/test_length_correct/MATH500__MAX","rl.grpo_llama.3b_analysis_mmwebpro.openr1.91_math.8k_0411_2030 - val_response_length/test_length_correct/MATH500","rl.grpo_llama.3b_analysis_mmwebpro.openr1.91_math.8k_0411_2030 - val_response_length/test_length_correct/MATH500__MIN","rl.grpo_llama.3b_analysis_mmwebpro.openr1.91_math.8k_0411_2030 - val_response_length/test_length_correct/MATH500__MAX","rl.grpo_llama.3b_analysis_mm.web.pro.20B_math.8k_0411_1333 - val_response_length/test_length_correct/MATH500","rl.grpo_llama.3b_analysis_mm.web.pro.20B_math.8k_0411_1333 - val_response_length/test_length_correct/MATH500__MIN","rl.grpo_llama.3b_analysis_mm.web.pro.20B_math.8k_0411_1333 - val_response_length/test_length_correct/MATH500__MAX"
"0","5","5","5","","","","5","5","5"
"4","51.5","51.5","51.5","335","335","335","5","5","5"
"8","51.5","51.5","51.5","295.5","295.5","295.5","216.25","216.25","216.25"
"12","28.25","28.25","28.25","2830.5","2830.5","2830.5","341","341","341"
"16","80.5","80.5","80.5","1583.2222222222222","1583.2222222222222","1583.2222222222222","263.3333333333333","263.3333333333333","263.3333333333333"
"20","51.375","51.375","51.375","3004.222222222222","3004.222222222222","3004.222222222222","244.45454545454547","244.45454545454547","244.45454545454547"
"24","89.18181818181819","89.18181818181819","89.18181818181819","1891.909090909091","1891.909090909091","1891.909090909091","582.1612903225806","582.1612903225806","582.1612903225806"
"28","410.02941176470586","410.02941176470586","410.02941176470586","2850.3766233766232","2850.3766233766232","2850.3766233766232","807.9777777777778","807.9777777777778","807.9777777777778"
"32","556.1632653061224","556.1632653061224","556.1632653061224","2881.75","2881.75","2881.75","669.5714285714286","669.5714285714286","669.5714285714286"
"36","407.84375","407.84375","407.84375","2598.019108280255","2598.019108280255","2598.019108280255","620.1571428571428","620.1571428571428","620.1571428571428"
"40","142.86075949367088","142.86075949367088","142.86075949367088","2403.6021505376343","2403.6021505376343","2403.6021505376343","340.04651162790697","340.04651162790697","340.04651162790697"
"44","287.8888888888889","287.8888888888889","287.8888888888889","2417.1127450980393","2417.1127450980393","2417.1127450980393","324.6868686868687","324.6868686868687","324.6868686868687"
"48","264.80392156862746","264.80392156862746","264.80392156862746","2303.5584415584417","2303.5584415584417","2303.5584415584417","361.77966101694915","361.77966101694915","361.77966101694915"
"52","452.6296296296296","452.6296296296296","452.6296296296296","2161.769230769231","2161.769230769231","2161.769230769231","267.993006993007","267.993006993007","267.993006993007"
"56","507.15315315315314","507.15315315315314","507.15315315315314","2048.7356828193833","2048.7356828193833","2048.7356828193833","344.641975308642","344.641975308642","344.641975308642"
"60","555.5952380952381","555.5952380952381","555.5952380952381","2225.244635193133","2225.244635193133","2225.244635193133","407.42134831460675","407.42134831460675","407.42134831460675"
"64","527.042735042735","527.042735042735","527.042735042735","2270.6101694915255","2270.6101694915255","2270.6101694915255","386.97452229299364","386.97452229299364","386.97452229299364"
"68","763.9430894308944","763.9430894308944","763.9430894308944","2370.81512605042","2370.81512605042","2370.81512605042","458.3105590062112","458.3105590062112","458.3105590062112"
"72","538.1127819548872","538.1127819548872","538.1127819548872","2264.4192139737993","2264.4192139737993","2264.4192139737993","431.02597402597405","431.02597402597405","431.02597402597405"
"76","455.9861111111111","455.9861111111111","455.9861111111111","2115.1057268722466","2115.1057268722466","2115.1057268722466","428.8451612903226","428.8451612903226","428.8451612903226"
"80","371","371","371","2136.0191387559807","2136.0191387559807","2136.0191387559807","442.2716049382716","442.2716049382716","442.2716049382716"
"84","248.02272727272728","248.02272727272728","248.02272727272728","2485.0921985815603","2485.0921985815603","2485.0921985815603","433.87654320987656","433.87654320987656","433.87654320987656"
"88","279.041095890411","279.041095890411","279.041095890411","3054.904761904762","3054.904761904762","3054.904761904762","435.50887573964496","435.50887573964496","435.50887573964496"
"92","299.7866666666667","299.7866666666667","299.7866666666667","4453.888888888889","4453.888888888889","4453.888888888889","445.6666666666667","445.6666666666667","445.6666666666667"
"96","230.98692810457516","230.98692810457516","230.98692810457516","","","","428.1717791411043","428.1717791411043","428.1717791411043"
"100","232.56953642384107","232.56953642384107","232.56953642384107","","","","461.37931034482756","461.37931034482756","461.37931034482756"
"104","292.9934640522876","292.9934640522876","292.9934640522876","","","","514.5029239766081","514.5029239766081","514.5029239766081"
"108","230.7565789473684","230.7565789473684","230.7565789473684","","","","526.1151515151515","526.1151515151515","526.1151515151515"
"112","282.9937106918239","282.9937106918239","282.9937106918239","","","","527.2080924855492","527.2080924855492","527.2080924855492"
"116","223.71153846153845","223.71153846153845","223.71153846153845","","","","541.0175438596491","541.0175438596491","541.0175438596491"
"120","230.7361963190184","230.7361963190184","230.7361963190184","","","","510.485549132948","510.485549132948","510.485549132948"
"124","272.4971098265896","272.4971098265896","272.4971098265896","","","","470.69767441860466","470.69767441860466","470.69767441860466"
"128","245.46341463414635","245.46341463414635","245.46341463414635","","","","505.73809523809524","505.73809523809524","505.73809523809524"
"132","227.4251497005988","227.4251497005988","227.4251497005988","","","","612.7514450867052","612.7514450867052","612.7514450867052"
"136","284.13953488372096","284.13953488372096","284.13953488372096","","","","523.361963190184","523.361963190184","523.361963190184"
"140","257.9875776397516","257.9875776397516","257.9875776397516","","","","499.1528662420382","499.1528662420382","499.1528662420382"
"144","279.20512820512823","279.20512820512823","279.20512820512823","","","","630.1411764705882","630.1411764705882","630.1411764705882"
"148","248.30864197530863","248.30864197530863","248.30864197530863","","","","566.1479289940828","566.1479289940828","566.1479289940828"
"152","242.5174418604651","242.5174418604651","242.5174418604651","","","","590.1453488372093","590.1453488372093","590.1453488372093"
"156","255.36516853932585","255.36516853932585","255.36516853932585","","","","653.8304093567251","653.8304093567251","653.8304093567251"
"160","214.06179775280899","214.06179775280899","214.06179775280899","","","","593.5232558139535","593.5232558139535","593.5232558139535"
"164","222.8448275862069","222.8448275862069","222.8448275862069","","","","628.7277777777778","628.7277777777778","628.7277777777778"
"168","242.34682080924856","242.34682080924856","242.34682080924856","","","","563.8258426966293","563.8258426966293","563.8258426966293"
"172","226.96951219512195","226.96951219512195","226.96951219512195","","","","691.2178770949721","691.2178770949721","691.2178770949721"
"176","259.7559523809524","259.7559523809524","259.7559523809524","","","","700.3428571428572","700.3428571428572","700.3428571428572"
"180","254.10714285714286","254.10714285714286","254.10714285714286","","","","572.723163841808","572.723163841808","572.723163841808"
"184","239.31976744186048","239.31976744186048","239.31976744186048","","","","540.7058823529412","540.7058823529412","540.7058823529412"
"188","332.4375","332.4375","332.4375","","","","618.6864864864865","618.6864864864865","618.6864864864865"
"192","252.33333333333334","252.33333333333334","252.33333333333334","","","","614.0451977401129","614.0451977401129","614.0451977401129"
"196","231.47904191616766","231.47904191616766","231.47904191616766","","","","609.1284916201117","609.1284916201117","609.1284916201117"
"200","243.9774011299435","243.9774011299435","243.9774011299435","","","","666.9613259668508","666.9613259668508","666.9613259668508"
"204","253.84393063583815","253.84393063583815","253.84393063583815","","","","601.5","601.5","601.5"
"208","276.73595505617976","276.73595505617976","276.73595505617976","","","","618.5280898876405","618.5280898876405","618.5280898876405"
"212","212.7041420118343","212.7041420118343","212.7041420118343","","","","634.9385474860335","634.9385474860335","634.9385474860335"
"216","228.26704545454547","228.26704545454547","228.26704545454547","","","","673.1684782608696","673.1684782608696","673.1684782608696"
"220","261.64204545454544","261.64204545454544","261.64204545454544","","","","659.2241379310345","659.2241379310345","659.2241379310345"
"224","280.16","280.16","280.16","","","","691.4342857142857","691.4342857142857","691.4342857142857"
"228","278.60115606936415","278.60115606936415","278.60115606936415","","","","640.1676300578034","640.1676300578034","640.1676300578034"
"232","317.32530120481925","317.32530120481925","317.32530120481925","","","","671.8251366120219","671.8251366120219","671.8251366120219"
"236","216.20833333333334","216.20833333333334","216.20833333333334","","","","","",""
"240","246.1878787878788","246.1878787878788","246.1878787878788","","","","","",""
"244","285.5674157303371","285.5674157303371","285.5674157303371","","","","","",""
"248","311.4888888888889","311.4888888888889","311.4888888888889","","","","","",""
"252","284.14814814814815","284.14814814814815","284.14814814814815","","","","","",""
"256","324.4393063583815","324.4393063583815","324.4393063583815","","","","","",""